id,first_name,last_name,email
1,Boot,Bramley,bbramley0@seattletimes.com
2,Claybourne,Timmons,ctimmons1@house.gov
3,Ike,Wyld,iwyld2@nih.gov
4,Jeramie,Shingles,jshingles3@un.org
5,Ellerey,Blatcher,eblatcher4@usnews.com
6,Muhammad,Lehrer,mlehrer5@cam.ac.uk
7,Sara-ann,Kike,skike6@ning.com
8,Arron,Feye,afeye7@bloglines.com
9,Shoshana,Insworth,sinsworth8@webmd.com
10,Terri,Raunds,traunds9@intel.com
11,Wilbur,Disdel,wdisdela@java.com
12,Carny,Pauletto,cpaulettob@marketwatch.com
13,Heida,Shawyer,hshawyerc@google.ru
14,Audre,Tebbet,atebbetd@qq.com
15,Boot,Roche,brochee@dion.ne.jp
16,Boothe,Skupinski,bskupinskif@cdc.gov
17,Sander,Liff,sliffg@seattletimes.com
18,Lefty,Westhofer,lwesthoferh@fastcompany.com
19,Thaddeus,Kivell,tkivelli@so-net.ne.jp
20,Arabel,Fassmann,afassmannj@webmd.com
21,Reinhold,Bladder,rbladderk@hp.com
22,Andros,Berardt,aberardtl@bbc.co.uk
23,Shantee,Castellino,scastellinom@360.cn
24,Saw,Shimoni,sshimonin@reddit.com
25,Arlen,Croisier,acroisiero@ucoz.com
26,Sande,Leisman,sleismanp@tmall.com
27,Myrvyn,Calltone,mcalltoneq@prweb.com
28,Denna,Penwell,dpenwellr@tumblr.com
29,Delmer,Shelford,dshelfords@soundcloud.com
30,Fawne,David,fdavidt@comcast.net
31,Kerry,MacDonough,kmacdonoughu@ezinearticles.com
32,Georgena,Gash,ggashv@marketwatch.com
33,Melloney,Dumini,mduminiw@census.gov
34,Merrie,Fetherstonhaugh,mfetherstonhaughx@ted.com
35,Meade,Grainge,mgraingey@accuweather.com
36,Sheffie,Colloff,scolloffz@google.de
37,Ailsun,Ketchaside,aketchaside10@mayoclinic.com
38,Guthrey,Darrel,gdarrel11@wix.com
39,Roma,Wrathmell,rwrathmell12@shareasale.com
40,Raphaela,Bucke,rbucke13@google.ru
41,Oriana,Corlett,ocorlett14@newsvine.com
42,Kimberly,Shrieve,kshrieve15@epa.gov
43,Kissie,Boyse,kboyse16@howstuffworks.com
44,Emmalynn,Sherrott,esherrott17@yandex.ru
45,Joli,Rocks,jrocks18@angelfire.com
46,Hilary,Hawe,hhawe19@newsvine.com
47,Luisa,Losty,llosty1a@dedecms.com
48,Gery,Gransden,ggransden1b@storify.com
49,Cris,Kipping,ckipping1c@constantcontact.com
50,Hilde,Fihelly,hfihelly1d@t.co
51,Jonie,Shivell,jshivell1e@imdb.com
52,Dela,Harhoff,dharhoff1f@ebay.co.uk
53,Freddy,Droogan,fdroogan1g@businesswire.com
54,Jamil,Wadsworth,jwadsworth1h@moonfruit.com
55,Dimitri,Fleetwood,dfleetwood1i@clickbank.net
56,Dore,Masters,dmasters1j@nydailynews.com
57,Gordan,Styan,gstyan1k@thetimes.co.uk
58,Giacinta,Pelosi,gpelosi1l@fastcompany.com
59,Latashia,Danick,ldanick1m@msn.com
60,Hershel,Binny,hbinny1n@mtv.com
61,Natalya,Alfonzo,nalfonzo1o@naver.com
62,Marion,Blakey,mblakey1p@reverbnation.com
63,Alexia,Bleiman,ableiman1q@kickstarter.com
64,Sunny,Feckey,sfeckey1r@berkeley.edu
65,Eal,Bowra,ebowra1s@amazon.co.uk
66,Editha,Tomicki,etomicki1t@google.com.hk
67,Marcellus,Antill,mantill1u@merriam-webster.com
68,Leshia,Heeps,lheeps1v@un.org
69,Gustav,Assad,gassad1w@apple.com
70,Bridie,Heinle,bheinle1x@theatlantic.com
71,Lissa,Groves,lgroves1y@hc360.com
72,Ferrell,McSweeney,fmcsweeney1z@ca.gov
73,Nettie,Batstone,nbatstone20@unblog.fr
74,Rianon,Toderbrugge,rtoderbrugge21@bravesites.com
75,Thomasine,Zanioletti,tzanioletti22@indiatimes.com
76,Fawne,Lewknor,flewknor23@answers.com
77,Shanna,Outerbridge,souterbridge24@uiuc.edu
78,Winifred,Penhalurick,wpenhalurick25@exblog.jp
79,Chane,Hackelton,chackelton26@indiegogo.com
80,Celestyna,Wardingly,cwardingly27@fema.gov
81,Catrina,Musso,cmusso28@nih.gov
82,Ethelbert,Craister,ecraister29@vinaora.com
83,Hurlee,Furzey,hfurzey2a@symantec.com
84,Raynell,Toward,rtoward2b@dion.ne.jp
85,Rubetta,Khomich,rkhomich2c@prnewswire.com
86,Esther,Mosco,emosco2d@gnu.org
87,Rebeka,Kielty,rkielty2e@xinhuanet.com
88,Ania,Marchington,amarchington2f@google.pl
89,Lyn,Chawkley,lchawkley2g@mit.edu
90,Lyndsie,Antoniottii,lantoniottii2h@simplemachines.org
91,Claudio,Tremayne,ctremayne2i@eepurl.com
92,Damon,Benez,dbenez2j@cnbc.com
93,Heloise,Cucinotta,hcucinotta2k@scribd.com
94,Kingsley,Casellas,kcasellas2l@list-manage.com
95,Frederick,Issacov,fissacov2m@naver.com
96,Janean,Aldren,jaldren2n@walmart.com
97,Rudie,Pye,rpye2o@w3.org
98,Kesley,Ettles,kettles2p@ning.com
99,Artemas,Suarez,asuarez2q@nba.com
100,Ram,Whitebread,rwhitebread2r@cnet.com
101,Carina,Lamblot,clamblot2s@php.net
102,Shena,Ommundsen,sommundsen2t@smh.com.au
103,Emlynne,Tubble,etubble2u@ning.com
104,Isadore,Scoggin,iscoggin2v@ed.gov
105,Correy,Counter,ccounter2w@jiathis.com
106,Yancey,Purselowe,ypurselowe2x@163.com
107,Buckie,Elia,belia2y@omniture.com
108,Law,Rye,lrye2z@ow.ly
109,Alexandrina,Dwire,adwire30@earthlink.net
110,Doe,Pantecost,dpantecost31@elpais.com
111,Dorri,Kilroy,dkilroy32@icio.us
112,Rosaleen,Duquesnay,rduquesnay33@epa.gov
113,Roslyn,Kynston,rkynston34@dmoz.org
114,Gayler,Assante,gassante35@hud.gov
115,Lowe,Eveling,leveling36@upenn.edu
116,Stephan,Crossby,scrossby37@un.org
117,Cora,Measor,cmeasor38@indiatimes.com
118,Gertrud,Nower,gnower39@flavors.me
119,Hedi,Gunny,hgunny3a@wiley.com
120,Heddi,Jimmison,hjimmison3b@dailymotion.com
121,Anica,Arrundale,aarrundale3c@hexun.com
122,Jacquelyn,Tschiersch,jtschiersch3d@dot.gov
123,Ebeneser,Fountaine,efountaine3e@harvard.edu
124,Brunhilda,Neward,bneward3f@cyberchimps.com
125,Corry,Monni,cmonni3g@cbsnews.com
126,Roselle,Shawl,rshawl3h@devhub.com
127,Rubetta,Jeduch,rjeduch3i@tuttocitta.it
128,Emelita,Kenwin,ekenwin3j@comcast.net
129,Kare,Sharrem,ksharrem3k@creativecommons.org
130,Mel,Parzis,mparzis3l@blinklist.com
131,Corey,Tesseyman,ctesseyman3m@w3.org
132,Balduin,Choake,bchoake3n@ucoz.com
133,Maurizia,Keedy,mkeedy3o@cdbaby.com
134,Gorden,Juhruke,gjuhruke3p@ameblo.jp
135,Michele,Londors,mlondors3q@drupal.org
136,Janel,Inkpen,jinkpen3r@networksolutions.com
137,Katrine,Wharton,kwharton3s@forbes.com
138,Nadiya,Spitaro,nspitaro3t@furl.net
139,Mariann,Le Huquet,mlehuquet3u@is.gd
140,Cyndi,Lintott,clintott3v@sourceforge.net
141,Lavena,Puddan,lpuddan3w@craigslist.org
142,Goldy,Beddis,gbeddis3x@sbwire.com
143,Elaina,Libermore,elibermore3y@storify.com
144,Rufe,Labrum,rlabrum3z@facebook.com
145,Klarrisa,Emeline,kemeline40@theguardian.com
146,Leslie,Sutherns,lsutherns41@newyorker.com
147,Hillie,Lydiate,hlydiate42@macromedia.com
148,Hillier,Denty,hdenty43@china.com.cn
149,Hendrik,Tregien,htregien44@usgs.gov
150,Fleur,Teresi,fteresi45@jugem.jp
151,Coreen,Dibbert,cdibbert46@hubpages.com
152,Pascale,Beeching,pbeeching47@twitpic.com
153,Jemie,Wheowall,jwheowall48@ucoz.ru
154,Paten,Arndt,parndt49@ted.com
155,Martainn,Witts,mwitts4a@house.gov
156,Winfield,O'Cahey,wocahey4b@netlog.com
157,Aubrey,Webland,awebland4c@twitter.com
158,Mel,Renwick,mrenwick4d@eventbrite.com
159,Carry,Helkin,chelkin4e@quantcast.com
160,Berkly,McGarrell,bmcgarrell4f@histats.com
161,Arnold,Dargue,adargue4g@a8.net
162,Torrie,Mapplebeck,tmapplebeck4h@wisc.edu
163,Shannen,McCanny,smccanny4i@thetimes.co.uk
164,Neille,Minillo,nminillo4j@aol.com
165,Olga,Eard,oeard4k@wiley.com
166,Grace,Petegrew,gpetegrew4l@artisteer.com
167,Bryana,Edelheit,bedelheit4m@alibaba.com
168,Obed,Cottis,ocottis4n@usda.gov
169,Marysa,Gilardi,mgilardi4o@cpanel.net
170,Miner,Crippell,mcrippell4p@wsj.com
171,Gerick,Kebell,gkebell4q@storify.com
172,Augusto,MacParlan,amacparlan4r@sohu.com
173,Allene,Milillo,amilillo4s@ocn.ne.jp
174,Anselma,Leades,aleades4t@t.co
175,Dasi,Deverill,ddeverill4u@google.nl
176,Worth,Rivelon,wrivelon4v@webeden.co.uk
177,Jaime,Starsmeare,jstarsmeare4w@timesonline.co.uk
178,Ode,Grube,ogrube4x@thetimes.co.uk
179,Margalit,Norway,mnorway4y@nhs.uk
180,Querida,Wemm,qwemm4z@amazonaws.com
181,Goldi,Joseland,gjoseland50@cisco.com
182,Penrod,Teresse,pteresse51@webnode.com
183,Red,Ouldcott,rouldcott52@last.fm
184,Rosalia,Claybourne,rclaybourne53@telegraph.co.uk
185,Lynde,Gullis,lgullis54@telegraph.co.uk
186,Devi,Debill,ddebill55@prnewswire.com
187,Luigi,McEnteggart,lmcenteggart56@va.gov
188,Salli,June,sjune57@paginegialle.it
189,Alyda,Brittan,abrittan58@bbc.co.uk
190,Doralynne,Basire,dbasire59@ow.ly
191,Matti,Airs,mairs5a@list-manage.com
192,Davida,Cushe,dcushe5b@whitehouse.gov
193,Aylmer,Oliphard,aoliphard5c@squarespace.com
194,Halette,Cadalleder,hcadalleder5d@geocities.com
195,Moira,Gow,mgow5e@earthlink.net
196,Susanna,Georgeou,sgeorgeou5f@hatena.ne.jp
197,Elsinore,Dench,edench5g@usnews.com
198,Jayne,Downer,jdowner5h@de.vu
199,Terrance,Cliff,tcliff5i@unc.edu
200,Wolf,Whanstall,wwhanstall5j@gnu.org
201,Eolanda,Willman,ewillman5k@google.co.uk
202,Alecia,Pidler,apidler5l@dagondesign.com
203,Pia,Lacroix,placroix5m@hatena.ne.jp
204,Prescott,Volet,pvolet5n@google.com.br
205,Ardelis,Cowey,acowey5o@mashable.com
206,Ruthann,De Vere,rdevere5p@tripadvisor.com
207,Tan,Pfeifer,tpfeifer5q@wix.com
208,Lacie,Geill,lgeill5r@yelp.com
209,Celie,Tupp,ctupp5s@sun.com
210,Didi,Twitchings,dtwitchings5t@seesaa.net
211,Leoine,Matusevich,lmatusevich5u@unblog.fr
212,Gabbie,Bartleet,gbartleet5v@about.com
213,Debera,Slym,dslym5w@amazonaws.com
214,Fredric,Hutfield,fhutfield5x@myspace.com
215,Jock,Gockeler,jgockeler5y@sphinn.com
216,Albert,Fanner,afanner5z@msu.edu
217,Ronni,Blazi,rblazi60@freewebs.com
218,Pacorro,Searles,psearles61@samsung.com
219,Greg,Wyne,gwyne62@japanpost.jp
220,Trefor,Witterick,twitterick63@dailymail.co.uk
221,Nikaniki,Heyburn,nheyburn64@furl.net
222,Reynold,O' Connell,roconnell65@instagram.com
223,Dania,Greber,dgreber66@nytimes.com
224,Fidelia,Poulton,fpoulton67@aboutads.info
225,Dana,Wyllcock,dwyllcock68@a8.net
226,Madlen,Durston,mdurston69@mashable.com
227,Sharline,Hellewell,shellewell6a@marriott.com
228,Rozele,Sibyllina,rsibyllina6b@ameblo.jp
229,Megen,Mayhow,mmayhow6c@wikipedia.org
230,Delmer,Farron,dfarron6d@webnode.com
231,Towney,Tovey,ttovey6e@telegraph.co.uk
232,Justinian,Fullicks,jfullicks6f@hubpages.com
233,Lissi,Prewett,lprewett6g@edublogs.org
234,Marj,Spens,mspens6h@g.co
235,Joey,Sparrow,jsparrow6i@sogou.com
236,Sashenka,Gilbart,sgilbart6j@nbcnews.com
237,Lee,Hartfleet,lhartfleet6k@joomla.org
238,Claudina,Josh,cjosh6l@blogspot.com
239,Kylie,Dungate,kdungate6m@apache.org
240,Stephi,Rainford,srainford6n@engadget.com
241,Janie,Antoinet,jantoinet6o@whitehouse.gov
242,Kirk,Kapelhoff,kkapelhoff6p@psu.edu
243,Vivianna,Marley,vmarley6q@macromedia.com
244,Loreen,Roddy,lroddy6r@mail.ru
245,Tamara,Crichmere,tcrichmere6s@scribd.com
246,Carla,Greensmith,cgreensmith6t@themeforest.net
247,Eadie,Colvin,ecolvin6u@reference.com
248,Petronille,Abela,pabela6v@bandcamp.com
249,Page,Toretta,ptoretta6w@ebay.co.uk
250,Rosalia,Eynald,reynald6x@wikimedia.org
251,Hyacinth,Danielovitch,hdanielovitch6y@pen.io
252,Bobbie,Hubback,bhubback6z@adobe.com
253,Lorinda,Coventon,lcoventon70@sina.com.cn
254,Page,O'Keenan,pokeenan71@so-net.ne.jp
255,Phebe,Vedeneev,pvedeneev72@nbcnews.com
256,Enoch,Battin,ebattin73@google.com.br
257,West,Harrington,wharrington74@dropbox.com
258,Elfie,Strain,estrain75@census.gov
259,Gerhardt,Krishtopaittis,gkrishtopaittis76@cdc.gov
260,Laurie,Corcut,lcorcut77@moonfruit.com
261,Jacobo,Fritche,jfritche78@behance.net
262,Paten,Brezlaw,pbrezlaw79@ocn.ne.jp
263,Georgeanna,Matiebe,gmatiebe7a@whitehouse.gov
264,Gennifer,Tissell,gtissell7b@redcross.org
265,Engracia,Patington,epatington7c@elegantthemes.com
266,Jamil,Dine-Hart,jdinehart7d@fotki.com
267,Allin,Demange,ademange7e@163.com
268,Cordelie,Lowey,clowey7f@gmpg.org
269,Darnell,Shoorbrooke,dshoorbrooke7g@posterous.com
270,Hurlee,Clopton,hclopton7h@whitehouse.gov
271,Gwenore,Isacoff,gisacoff7i@slideshare.net
272,Ginger,O' Markey,gomarkey7j@si.edu
273,Aila,Chisolm,achisolm7k@e-recht24.de
274,Layne,Edel,ledel7l@vkontakte.ru
275,Chiarra,Puttergill,cputtergill7m@rakuten.co.jp
276,Esteban,Ference,eference7n@fema.gov
277,Alva,Kristufek,akristufek7o@apache.org
278,Bonnibelle,Carnew,bcarnew7p@angelfire.com
279,Vikky,Cuardall,vcuardall7q@gov.uk
280,Eartha,Blaxeland,eblaxeland7r@de.vu
281,Von,Gonzales,vgonzales7s@usatoday.com
282,Brewster,Davidi,bdavidi7t@cargocollective.com
283,Linoel,Kumaar,lkumaar7u@wordpress.com
284,Binnie,Vickerman,bvickerman7v@tinypic.com
285,Babs,Horribine,bhorribine7w@un.org
286,Nolana,Murgatroyd,nmurgatroyd7x@irs.gov
287,Nari,Rucklesse,nrucklesse7y@nature.com
288,Harris,Duberry,hduberry7z@aol.com
289,Cooper,McDonald,cmcdonald80@fc2.com
290,Tracey,Gorges,tgorges81@symantec.com
291,Darcey,Gabotti,dgabotti82@discuz.net
292,Arleta,Brunsdon,abrunsdon83@virginia.edu
293,Kylynn,Woodger,kwoodger84@cafepress.com
294,Eustacia,Pedican,epedican85@hc360.com
295,Kyla,Lorimer,klorimer86@wikimedia.org
296,Josephine,Blewis,jblewis87@example.com
297,Kennie,Campana,kcampana88@ezinearticles.com
298,Farrah,Lovelace,flovelace89@fastcompany.com
299,Adham,Harce,aharce8a@google.fr
300,Osbourne,Domoney,odomoney8b@simplemachines.org
301,Meredeth,Hemms,mhemms8c@purevolume.com
302,Ruddy,Lofts,rlofts8d@ucla.edu
303,Byrom,Skea,bskea8e@amazon.co.jp
304,Nobe,Bohlin,nbohlin8f@loc.gov
305,Fidole,Meni,fmeni8g@fda.gov
306,Geraldine,Ierland,gierland8h@ca.gov
307,Moore,Eisold,meisold8i@kickstarter.com
308,Frasquito,Wickie,fwickie8j@wired.com
309,Tucky,Bridgens,tbridgens8k@opera.com
310,Pascal,Smithyman,psmithyman8l@goo.ne.jp
311,Dode,Lewson,dlewson8m@sphinn.com
312,Eugenio,Wallage,ewallage8n@sogou.com
313,Sax,Spellworth,sspellworth8o@naver.com
314,Nicoline,Barabisch,nbarabisch8p@histats.com
315,Helaine,Dudhill,hdudhill8q@rakuten.co.jp
316,Dino,Eustes,deustes8r@blog.com
317,Edgard,Liccardo,eliccardo8s@mail.ru
318,Jermaine,Buscher,jbuscher8t@army.mil
319,Archambault,Wickham,awickham8u@cbslocal.com
320,Eliza,Dewire,edewire8v@epa.gov
321,Gabe,Lanfare,glanfare8w@hatena.ne.jp
322,Jim,Canto,jcanto8x@cocolog-nifty.com
323,Tony,Palfree,tpalfree8y@amazon.co.uk
324,Tomaso,Hedge,thedge8z@cmu.edu
325,Van,Toye,vtoye90@dion.ne.jp
326,Rahel,Hasted,rhasted91@123-reg.co.uk
327,Catarina,Shelbourne,cshelbourne92@blogs.com
328,Eldin,Menichino,emenichino93@ameblo.jp
329,Clay,Wafer,cwafer94@virginia.edu
330,Bea,McGenn,bmcgenn95@tinyurl.com
331,Darren,Georgievski,dgeorgievski96@list-manage.com
332,Luca,Delyth,ldelyth97@upenn.edu
333,Val,Laffin,vlaffin98@un.org
334,Neall,Girke,ngirke99@gravatar.com
335,Worthington,Caulton,wcaulton9a@jalbum.net
336,Dottie,Forbes,dforbes9b@bizjournals.com
337,Ashby,Vanyashkin,avanyashkin9c@domainmarket.com
338,Patten,Cutbush,pcutbush9d@surveymonkey.com
339,Immanuel,Weavill,iweavill9e@cocolog-nifty.com
340,Gregoire,Windley,gwindley9f@mozilla.org
341,Hashim,Schurig,hschurig9g@yandex.ru
342,Heidi,Lucian,hlucian9h@pagesperso-orange.fr
343,Karlis,Jorgensen,kjorgensen9i@netvibes.com
344,Leslie,Denyagin,ldenyagin9j@qq.com
345,Wini,Hush,whush9k@github.io
346,Betteanne,Measham,bmeasham9l@microsoft.com
347,Ciel,Timbrell,ctimbrell9m@yahoo.com
348,Eula,Fyall,efyall9n@youtu.be
349,Saxon,Corradini,scorradini9o@dmoz.org
350,Fara,O'Nolan,fonolan9p@abc.net.au
351,Cicely,Noden,cnoden9q@cloudflare.com
352,Gaylene,Damerell,gdamerell9r@state.tx.us
353,Hayyim,Felgate,hfelgate9s@auda.org.au
354,Irita,Quinby,iquinby9t@fema.gov
355,Misti,Delhanty,mdelhanty9u@123-reg.co.uk
356,Lorne,De Malchar,ldemalchar9v@taobao.com
357,Fania,Feldhorn,ffeldhorn9w@taobao.com
358,Mathe,Finlater,mfinlater9x@drupal.org
359,Giuseppe,Wellbelove,gwellbelove9y@phpbb.com
360,Eolanda,Champkin,echampkin9z@123-reg.co.uk
361,Lynne,Bourchier,lbourchiera0@domainmarket.com
362,D'arcy,Burston,dburstona1@surveymonkey.com
363,Sigismondo,Markushkin,smarkushkina2@technorati.com
364,Edgard,Simeone,esimeonea3@psu.edu
365,Rupert,Larn,rlarna4@sfgate.com
366,Brunhilda,Wileman,bwilemana5@slate.com
367,Herbert,Ferrone,hferronea6@i2i.jp
368,Roana,Lander,rlandera7@yellowpages.com
369,Constance,Berth,cbertha8@deviantart.com
370,Gregoor,Ollander,gollandera9@accuweather.com
371,Marshal,Cod,mcodaa@woothemes.com
372,Waylan,Schimoni,wschimoniab@blogtalkradio.com
373,Kylila,Linck,klinckac@slideshare.net
374,Janel,Gives,jgivesad@ed.gov
375,Vikky,Seydlitz,vseydlitzae@typepad.com
376,Aliza,Gatchel,agatchelaf@phpbb.com
377,Thorny,Guillon,tguillonag@toplist.cz
378,Harlan,Kyston,hkystonah@ask.com
379,Morty,Pedrozzi,mpedrozziai@columbia.edu
380,Tadio,Franzen,tfranzenaj@goo.ne.jp
381,Dave,Caselick,dcaselickak@pcworld.com
382,Dulcea,Schimke,dschimkeal@jimdo.com
383,Staffard,Rowett,srowettam@technorati.com
384,Chilton,Crankshaw,ccrankshawan@jimdo.com
385,Tremayne,Seckom,tseckomao@bluehost.com
386,Tyrus,Harriman,tharrimanap@patch.com
387,Gasparo,Worpole,gworpoleaq@xrea.com
388,Filide,Olufsen,folufsenar@domainmarket.com
389,Hatti,Illwell,hillwellas@ameblo.jp
390,Henrieta,Whorlton,hwhorltonat@google.es
391,Linnie,Moir,lmoirau@plala.or.jp
392,Hector,Triplow,htriplowav@mit.edu
393,Ebeneser,Ellison,eellisonaw@goo.ne.jp
394,Alecia,Alenshev,aalenshevax@timesonline.co.uk
395,Bidget,Ponter,bponteray@bravesites.com
396,Tarrah,Ivanyukov,tivanyukovaz@ed.gov
397,Drusy,Targe,dtargeb0@oracle.com
398,Abba,Feek,afeekb1@taobao.com
399,Carolina,Ivshin,civshinb2@opera.com
400,Sapphira,Colloff,scolloffb3@unc.edu
401,Lucais,O'Scanlan,loscanlanb4@walmart.com
402,Romeo,Maxstead,rmaxsteadb5@ca.gov
403,Manuel,Rooson,mroosonb6@163.com
404,Vito,Houseley,vhouseleyb7@foxnews.com
405,Lolly,Aberdein,laberdeinb8@loc.gov
406,Concordia,Paulot,cpaulotb9@admin.ch
407,Ddene,Nortcliffe,dnortcliffeba@berkeley.edu
408,Leanor,Westmarland,lwestmarlandbb@nsw.gov.au
409,Dougie,Persse,dperssebc@tripadvisor.com
410,Flossy,O'Reagan,foreaganbd@bizjournals.com
411,Reinaldo,Conrath,rconrathbe@free.fr
412,Cory,Fraser,cfraserbf@cpanel.net
413,Elias,Flewin,eflewinbg@army.mil
414,Gunar,Balsom,gbalsombh@pinterest.com
415,Hube,Scrooby,hscroobybi@craigslist.org
416,Dorey,Faers,dfaersbj@harvard.edu
417,Garv,Macoun,gmacounbk@buzzfeed.com
418,Dulce,Ranyard,dranyardbl@sciencedirect.com
419,Darla,Sibbson,dsibbsonbm@ed.gov
420,Hillyer,MacTurlough,hmacturloughbn@nba.com
421,Minnnie,Alldis,malldisbo@cmu.edu
422,Lynett,Titherington,ltitheringtonbp@seesaa.net
423,Elsbeth,Size,esizebq@state.gov
424,Paco,Petera,ppeterabr@japanpost.jp
425,Shae,Fiddeman,sfiddemanbs@meetup.com
426,Mick,Orridge,morridgebt@devhub.com
427,Arlin,Breyt,abreytbu@blogger.com
428,Pacorro,Strognell,pstrognellbv@japanpost.jp
429,Bartram,Blankenship,bblankenshipbw@wordpress.com
430,Angus,Tann,atannbx@vistaprint.com
431,Marys,Barhems,mbarhemsby@gov.uk
432,Gene,Oppery,gopperybz@cafepress.com
433,Cyndia,MacGrath,cmacgrathc0@51.la
434,Annalee,Hobben,ahobbenc1@shutterfly.com
435,Elnora,Enterlein,eenterleinc2@hud.gov
436,Michelle,Iorizzo,miorizzoc3@123-reg.co.uk
437,Garrard,Biddy,gbiddyc4@barnesandnoble.com
438,Allayne,Lauderdale,alauderdalec5@bluehost.com
439,Jillie,Milton,jmiltonc6@people.com.cn
440,Emelyne,Scay,escayc7@globo.com
441,Cristie,Bluschke,cbluschkec8@vkontakte.ru
442,Shoshanna,Pryke,sprykec9@skyrock.com
443,Sigfrid,Henrionot,shenrionotca@mit.edu
444,Hernando,Christal,hchristalcb@trellian.com
445,Ignacio,Nekrews,inekrewscc@privacy.gov.au
446,Lorrie,Mabe,lmabecd@ftc.gov
447,Justino,Tiner,jtinerce@loc.gov
448,Lia,Prosh,lproshcf@cpanel.net
449,Holly-anne,Godbald,hgodbaldcg@wikipedia.org
450,Briggs,Petrashkov,bpetrashkovch@technorati.com
451,Tiphani,Boliver,tboliverci@salon.com
452,Kalli,Chong,kchongcj@prnewswire.com
453,Mirabella,Connachan,mconnachanck@deviantart.com
454,Lida,Van Driel,lvandrielcl@usatoday.com
455,Jamison,Visick,jvisickcm@unicef.org
456,Kristian,Aitkin,kaitkincn@chron.com
457,Sheridan,Choffin,schoffinco@mail.ru
458,Seline,M'Quhan,smquhancp@geocities.com
459,Joellyn,Edlyn,jedlyncq@google.co.jp
460,Aime,Verney,averneycr@oracle.com
461,Benito,Wheater,bwheatercs@cisco.com
462,Arliene,Whitters,awhittersct@posterous.com
463,Aurore,Tutill,atutillcu@ftc.gov
464,Chance,Creeboe,ccreeboecv@dell.com
465,Findley,Hedditch,fhedditchcw@people.com.cn
466,Alyssa,Presser,apressercx@washingtonpost.com
467,Georgiana,Tolotti,gtolotticy@hp.com
468,Marcela,Allison,mallisoncz@marriott.com
469,Carrie,Eyton,ceytond0@bbc.co.uk
470,Winni,Beauly,wbeaulyd1@hp.com
471,Kariotta,Rillatt,krillattd2@reddit.com
472,Amerigo,Gregr,agregrd3@alibaba.com
473,Sean,Bulfit,sbulfitd4@miitbeian.gov.cn
474,Mahmud,Balkwill,mbalkwilld5@harvard.edu
475,Mitchel,Duncklee,mdunckleed6@theguardian.com
476,Ludovika,Ondra,londrad7@ibm.com
477,Dannie,Monteaux,dmonteauxd8@marketwatch.com
478,Haydon,Bowfin,hbowfind9@godaddy.com
479,Erhard,Nieass,enieassda@mlb.com
480,Chaim,Lowdeane,clowdeanedb@123-reg.co.uk
481,Lolly,Rubinsohn,lrubinsohndc@yahoo.co.jp
482,Garret,Hellicar,ghellicardd@msu.edu
483,Chaddy,Blaisdale,cblaisdalede@nps.gov
484,Shalne,Bosche,sboschedf@ted.com
485,Mariann,Huban,mhubandg@geocities.jp
486,Darnall,Pudden,dpuddendh@harvard.edu
487,Nita,Epsley,nepsleydi@multiply.com
488,Kessiah,Gayle,kgayledj@com.com
489,Tymon,Railton,trailtondk@hubpages.com
490,Virge,Pashley,vpashleydl@webs.com
491,Virgilio,Osgorby,vosgorbydm@hhs.gov
492,Katleen,Baudrey,kbaudreydn@amazon.co.jp
493,Richmound,Radband,rradbanddo@apple.com
494,Jessy,Pickavance,jpickavancedp@ftc.gov
495,Stanislaus,Arnold,sarnolddq@shinystat.com
496,See,Buddock,sbuddockdr@woothemes.com
497,Duff,Kellar,dkellards@bing.com
498,Pam,Aldwick,paldwickdt@dailymotion.com
499,Alexandre,Pinnocke,apinnockedu@vinaora.com
500,Ignatius,Raymond,iraymonddv@marketwatch.com
501,Rheba,Peagram,rpeagramdw@foxnews.com
502,Taddeusz,Mehmet,tmehmetdx@uol.com.br
503,Henri,De Gouy,hdegouydy@tuttocitta.it
504,Jo,Hastilow,jhastilowdz@wix.com
505,Corbie,Donizeau,cdonizeaue0@nationalgeographic.com
506,Maisie,Saldler,msaldlere1@naver.com
507,Mellisa,Evitts,mevittse2@java.com
508,Lanita,Titchen,ltitchene3@imageshack.us
509,Maurine,Borrow,mborrowe4@rediff.com
510,Elsinore,Troillet,etroillete5@uiuc.edu
511,Phylis,Mulliner,pmullinere6@alexa.com
512,Leda,Lashley,llashleye7@boston.com
513,Myrvyn,Medcalf,mmedcalfe8@soup.io
514,Risa,Pumfrey,rpumfreye9@scribd.com
515,Pauline,Mulroy,pmulroyea@youtube.com
516,Virgie,Camplin,vcamplineb@comsenz.com
517,Xerxes,Gomersal,xgomersalec@google.co.jp
518,Lucais,Waylett,lwayletted@army.mil
519,Saunders,Cakebread,scakebreadee@accuweather.com
520,Micah,Knatt,mknattef@jiathis.com
521,Kalina,Soanes,ksoaneseg@boston.com
522,Sinclare,Saladine,ssaladineeh@drupal.org
523,Pier,Vase,pvaseei@va.gov
524,Shara,Dwane,sdwaneej@cnet.com
525,Gaylene,Goburn,ggoburnek@time.com
526,Humfrey,Drescher,hdrescherel@discovery.com
527,Elisa,Biggam,ebiggamem@gov.uk
528,Zarla,Naper,znaperen@aboutads.info
529,Hatti,Sawood,hsawoodeo@thetimes.co.uk
530,Auroora,Braitling,abraitlingep@wikimedia.org
531,Ignazio,Harme,iharmeeq@moonfruit.com
532,Waiter,Ebbin,webbiner@prnewswire.com
533,Robbin,Rillstone,rrillstonees@example.com
534,Guillaume,Janous,gjanouset@bloglines.com
535,Sidonnie,Sylvaine,ssylvaineeu@epa.gov
536,Cathie,Blincow,cblincowev@kickstarter.com
537,Ashton,Pigeon,apigeonew@patch.com
538,Marge,Darwen,mdarwenex@ucoz.com
539,Joy,Cunnane,jcunnaneey@trellian.com
540,Artemas,Masarrat,amasarratez@ebay.com
541,Olivette,Cheake,ocheakef0@walmart.com
542,Eula,Jerdon,ejerdonf1@360.cn
543,Kellen,Abrahmson,kabrahmsonf2@msu.edu
544,Nikolia,Cometson,ncometsonf3@spotify.com
545,Eliot,Latch,elatchf4@umich.edu
546,Bond,Duffield,bduffieldf5@harvard.edu
547,Clare,Alpine,calpinef6@scientificamerican.com
548,Moselle,Guerro,mguerrof7@google.ru
549,Rollo,Lobbe,rlobbef8@youku.com
550,Karina,Shovelbottom,kshovelbottomf9@jugem.jp
551,Sebastiano,Tolhurst,stolhurstfa@oracle.com
552,Josy,Rozycki,jrozyckifb@squidoo.com
553,Nannette,MacKimm,nmackimmfc@nymag.com
554,Bili,MacDiarmid,bmacdiarmidfd@cdbaby.com
555,Yettie,Danilenko,ydanilenkofe@cisco.com
556,Dorry,Gon,dgonff@ed.gov
557,Flossi,Pitchers,fpitchersfg@mediafire.com
558,Benton,Litster,blitsterfh@wikimedia.org
559,Valene,Toplin,vtoplinfi@cbc.ca
560,Red,Bidgod,rbidgodfj@nih.gov
561,Reiko,Warlowe,rwarlowefk@freewebs.com
562,Micky,Tilney,mtilneyfl@mac.com
563,Oralla,Mansbridge,omansbridgefm@miibeian.gov.cn
564,Hobart,Cracie,hcraciefn@wikipedia.org
565,Opal,Sturr,osturrfo@smugmug.com
566,Philbert,McLagan,pmclaganfp@merriam-webster.com
567,Dion,Bonnavant,dbonnavantfq@newyorker.com
568,Kermit,Vasyutkin,kvasyutkinfr@usgs.gov
569,Alikee,Darnody,adarnodyfs@gnu.org
570,Constantine,Garrison,cgarrisonft@stumbleupon.com
571,Lydie,Petre,lpetrefu@clickbank.net
572,Hedwiga,Mattecot,hmattecotfv@github.io
573,Stace,McCanny,smccannyfw@google.com.hk
574,Teodor,Heyward,theywardfx@fema.gov
575,Dorry,Korfmann,dkorfmannfy@smh.com.au
576,Kelcey,Marmyon,kmarmyonfz@arizona.edu
577,Belle,Tidcomb,btidcombg0@columbia.edu
578,Skippy,Fifoot,sfifootg1@printfriendly.com
579,Devin,Rosenkranc,drosenkrancg2@dailymotion.com
580,Orin,Coldrick,ocoldrickg3@springer.com
581,Piper,Yurocjkin,pyurocjking4@paginegialle.it
582,Milton,Brunning,mbrunningg5@google.cn
583,Harp,Bahlmann,hbahlmanng6@surveymonkey.com
584,Harriot,Gwilliam,hgwilliamg7@fda.gov
585,Horton,Cuerdale,hcuerdaleg8@newsvine.com
586,Orren,Girke,ogirkeg9@imgur.com
587,Judye,Pittle,jpittlega@nsw.gov.au
588,Reynard,Eronie,reroniegb@sogou.com
589,Benetta,Strutton,bstruttongc@about.me
590,Luisa,Camillo,lcamillogd@unblog.fr
591,Alvinia,Breslau,abreslauge@cisco.com
592,Ameline,Colquite,acolquitegf@xing.com
593,Janice,Gretton,jgrettongg@phpbb.com
594,Ginger,Fryett,gfryettgh@cloudflare.com
595,Barbette,Billany,bbillanygi@hibu.com
596,Clare,Wegener,cwegenergj@irs.gov
597,Lilly,Bracknall,lbracknallgk@marriott.com
598,Ker,Grimes,kgrimesgl@ibm.com
599,Vassili,Gauthorpp,vgauthorppgm@mail.ru
600,Jackie,Crudgington,jcrudgingtongn@google.co.uk
601,Barthel,Effaunt,beffauntgo@google.com.hk
602,Wileen,Cogzell,wcogzellgp@bloomberg.com
603,Fax,Belmont,fbelmontgq@seesaa.net
604,Aretha,Avrahm,aavrahmgr@sitemeter.com
605,Josefina,Drane,jdranegs@free.fr
606,Dillon,Botting,dbottinggt@youku.com
607,Jaine,Balsdone,jbalsdonegu@github.io
608,Hillier,Ruberti,hrubertigv@go.com
609,Jessie,Sawford,jsawfordgw@blogtalkradio.com
610,Lorant,MacDwyer,lmacdwyergx@printfriendly.com
611,Stepha,MacAloren,smacalorengy@angelfire.com
612,Arnaldo,Golsthorp,agolsthorpgz@netscape.com
613,Elberta,Authers,eauthersh0@dion.ne.jp
614,Raphaela,Coskerry,rcoskerryh1@examiner.com
615,Rik,Lukes,rlukesh2@psu.edu
616,Arlene,Rowena,arowenah3@answers.com
617,Carter,Watting,cwattingh4@telegraph.co.uk
618,Nathalie,Mulvihill,nmulvihillh5@myspace.com
619,Jarrid,Andrusov,jandrusovh6@yandex.ru
620,Noll,Clutten,ncluttenh7@nifty.com
621,Tawnya,Oldaker,toldakerh8@craigslist.org
622,Dosi,Allcock,dallcockh9@telegraph.co.uk
623,Tod,Justham,tjusthamha@so-net.ne.jp
624,Rheta,Goff,rgoffhb@bravesites.com
625,Rene,Hawson,rhawsonhc@etsy.com
626,Pepi,Castillon,pcastillonhd@house.gov
627,Marne,Ivanyutin,mivanyutinhe@barnesandnoble.com
628,Cordi,Attoe,cattoehf@comsenz.com
629,Dot,Tague,dtaguehg@skype.com
630,Jacobo,Kubalek,jkubalekhh@blinklist.com
631,Katy,Houseman,khousemanhi@seattletimes.com
632,D'arcy,Cocci,dcoccihj@gizmodo.com
633,Dorotea,Larchier,dlarchierhk@buzzfeed.com
634,Lorettalorna,Dahlman,ldahlmanhl@xing.com
635,Rinaldo,Mateev,rmateevhm@addthis.com
636,Mair,Duckworth,mduckworthhn@wikimedia.org
637,Burk,Gee,bgeeho@earthlink.net
638,Laetitia,Keggins,lkegginshp@yolasite.com
639,Lusa,Wylam,lwylamhq@simplemachines.org
640,Nanci,Hall,nhallhr@bigcartel.com
641,Evvy,Hannaford,ehannafordhs@netscape.com
642,Diann,Fuidge,dfuidgeht@g.co
643,Eolande,Rennie,erenniehu@discovery.com
644,Daryl,Coetzee,dcoetzeehv@digg.com
645,Mohammed,Boak,mboakhw@angelfire.com
646,Van,Davydochkin,vdavydochkinhx@g.co
647,Myrtie,Tort,mtorthy@opensource.org
648,Amery,Grundell,agrundellhz@vk.com
649,Blondy,Kinloch,bkinlochi0@surveymonkey.com
650,Orton,Lantiff,olantiffi1@google.pl
651,Chloe,Munson,cmunsoni2@sakura.ne.jp
652,Derwin,Ainsbury,dainsburyi3@engadget.com
653,Gabbie,Pell,gpelli4@independent.co.uk
654,Shayna,Barthorpe,sbarthorpei5@nifty.com
655,Jilly,Core,jcorei6@ucoz.com
656,Hurleigh,Heffer,hhefferi7@xinhuanet.com
657,Pincas,Gammack,pgammacki8@goo.ne.jp
658,Fredia,Kilgrew,fkilgrewi9@over-blog.com
659,Eartha,Bartosik,ebartosikia@ning.com
660,Cornell,Sandeson,csandesonib@seattletimes.com
661,Rey,Clemencon,rclemenconic@economist.com
662,Neron,Alasdair,nalasdairid@sakura.ne.jp
663,Bren,Priddis,bpriddisie@devhub.com
664,Daphne,Joslow,djoslowif@cyberchimps.com
665,Hamilton,Sollon,hsollonig@msn.com
666,Cyb,Coneley,cconeleyih@diigo.com
667,Agatha,Stollwerk,astollwerkii@boston.com
668,Adelle,Nassy,anassyij@soundcloud.com
669,Marla,Di Giacomettino,mdigiacomettinoik@vinaora.com
670,Daryle,Sirr,dsirril@cdc.gov
671,Patience,Holhouse,pholhouseim@altervista.org
672,Veda,Comino,vcominoin@dailymail.co.uk
673,Onfroi,Jozaitis,ojozaitisio@ebay.co.uk
674,El,Weins,eweinsip@xinhuanet.com
675,Ogdan,Veltman,oveltmaniq@surveymonkey.com
676,Carla,Pyner,cpynerir@google.es
677,My,Fontin,mfontinis@google.ru
678,Jacques,Paoletto,jpaolettoit@quantcast.com
679,Sven,Prendiville,sprendivilleiu@pinterest.com
680,Ilka,Dunbobbin,idunbobbiniv@360.cn
681,Cirilo,D'Onise,cdoniseiw@multiply.com
682,Doralynn,Caldwell,dcaldwellix@list-manage.com
683,Hillier,Elcocks,helcocksiy@hatena.ne.jp
684,Anjanette,Stidson,astidsoniz@surveymonkey.com
685,Liana,Husby,lhusbyj0@networkadvertising.org
686,Frants,Gambrell,fgambrellj1@delicious.com
687,Hanna,Huntingdon,hhuntingdonj2@unesco.org
688,Sergent,Bardey,sbardeyj3@opera.com
689,Arv,Everal,aeveralj4@hhs.gov
690,Jody,Hackley,jhackleyj5@com.com
691,Arman,Vyse,avysej6@odnoklassniki.ru
692,Arlyn,Fines,afinesj7@yahoo.co.jp
693,Zora,Franchioni,zfranchionij8@fastcompany.com
694,Elisabetta,Gilli,egillij9@huffingtonpost.com
695,Iolande,Nunson,inunsonja@artisteer.com
696,Cora,Fayerman,cfayermanjb@wikispaces.com
697,Bria,Ascroft,bascroftjc@ifeng.com
698,Vonni,Kalewe,vkalewejd@xing.com
699,Krissie,Fegan,kfeganje@ihg.com
700,Clim,Jansey,cjanseyjf@w3.org
701,Lionello,Davet,ldavetjg@npr.org
702,Delano,Norquoy,dnorquoyjh@ustream.tv
703,Gabriel,Stooders,gstoodersji@omniture.com
704,Annemarie,MacAughtrie,amacaughtriejj@cbsnews.com
705,Raye,Pendlington,rpendlingtonjk@yandex.ru
706,Tod,Josuweit,tjosuweitjl@people.com.cn
707,Teressa,Sehorsch,tsehorschjm@cnn.com
708,Karol,Woolford,kwoolfordjn@eventbrite.com
709,Abran,Petracek,apetracekjo@apple.com
710,Tiphany,Netti,tnettijp@tripod.com
711,Brade,Maulin,bmaulinjq@sogou.com
712,Charlie,Andraud,candraudjr@businessweek.com
713,Barclay,Le Surf,blesurfjs@yahoo.com
714,Cchaddie,Clemmett,cclemmettjt@jalbum.net
715,Sharyl,Ivins,sivinsju@addthis.com
716,Delly,Jedraszczyk,djedraszczykjv@bloomberg.com
717,Tannie,Muldownie,tmuldowniejw@bloomberg.com
718,Moses,Gomez,mgomezjx@home.pl
719,Danni,O' Mullane,domullanejy@networksolutions.com
720,Tildi,Eilhermann,teilhermannjz@flavors.me
721,Zebulon,Gasking,zgaskingk0@yellowbook.com
722,Lanni,Sellstrom,lsellstromk1@indiegogo.com
723,Harriott,Heelis,hheelisk2@soundcloud.com
724,Lynnell,Yeudall,lyeudallk3@live.com
725,Kizzee,Ham,khamk4@hostgator.com
726,Lindsey,Grattage,lgrattagek5@typepad.com
727,Torey,Fairholm,tfairholmk6@mashable.com
728,Martita,Gregersen,mgregersenk7@examiner.com
729,Amitie,Petrecz,apetreczk8@discuz.net
730,Fredelia,Sancto,fsanctok9@hostgator.com
731,Isabelle,Francis,ifranciska@tripod.com
732,Inness,Canada,icanadakb@bloglines.com
733,Bertine,Wenzel,bwenzelkc@seesaa.net
734,Kassi,McCoy,kmccoykd@noaa.gov
735,Alika,Wrassell,awrassellke@go.com
736,Hamil,Shutler,hshutlerkf@goodreads.com
737,Giacobo,Girk,ggirkkg@google.co.uk
738,Hardy,Sprakes,hsprakeskh@mayoclinic.com
739,Calli,Bazell,cbazellki@microsoft.com
740,Ira,Fawlo,ifawlokj@paginegialle.it
741,Piggy,Foggo,pfoggokk@ca.gov
742,Kristel,McPhater,kmcphaterkl@un.org
743,Janey,Spaducci,jspaduccikm@google.de
744,Sonia,Frays,sfrayskn@sphinn.com
745,Crichton,Colicot,ccolicotko@hp.com
746,Sibella,Threlkeld,sthrelkeldkp@phpbb.com
747,Sigmund,Maberley,smaberleykq@so-net.ne.jp
748,Ainslie,Sallan,asallankr@deliciousdays.com
749,Renee,Kiehnlt,rkiehnltks@telegraph.co.uk
750,Korney,Fullick,kfullickkt@usgs.gov
751,Tan,Slatten,tslattenku@fema.gov
752,Abdel,Tyrwhitt,atyrwhittkv@timesonline.co.uk
753,Carlie,Middleton,cmiddletonkw@mail.ru
754,Inga,Thaxton,ithaxtonkx@imgur.com
755,Deane,Lindermann,dlindermannky@twitpic.com
756,Carlye,Grime,cgrimekz@networkadvertising.org
757,Rollins,Church,rchurchl0@360.cn
758,Lorinda,Habberjam,lhabberjaml1@gov.uk
759,Travis,Dingwall,tdingwalll2@auda.org.au
760,Genna,McRill,gmcrilll3@foxnews.com
761,Chastity,Swanbourne,cswanbournel4@hc360.com
762,Dorelia,Gindghill,dgindghilll5@histats.com
763,Danette,Ceci,dcecil6@blogtalkradio.com
764,Dare,Fairbairn,dfairbairnl7@zdnet.com
765,Scotti,Josephsen,sjosephsenl8@go.com
766,Tally,Howick,thowickl9@nifty.com
767,Kassandra,Worland,kworlandla@mashable.com
768,Didi,Caudray,dcaudraylb@ucoz.com
769,Agatha,Harken,aharkenlc@alexa.com
770,Renault,Taphouse,rtaphouseld@latimes.com
771,Brittan,Viggers,bviggersle@cnbc.com
772,Barbara-anne,Crosfield,bcrosfieldlf@narod.ru
773,Hermon,Landis,hlandislg@ucsd.edu
774,Sayre,Lippo,slippolh@cbslocal.com
775,Paulo,Mundford,pmundfordli@omniture.com
776,Gui,Coolson,gcoolsonlj@soundcloud.com
777,Humfrey,Wolfart,hwolfartlk@npr.org
778,Oneida,Brimblecombe,obrimblecombell@flavors.me
779,Myrna,Fahy,mfahylm@clickbank.net
780,Ricki,O'Canavan,rocanavanln@deliciousdays.com
781,Eddie,Cuddehy,ecuddehylo@admin.ch
782,Jean,Squibbs,jsquibbslp@nymag.com
783,Byrle,Micah,bmicahlq@ted.com
784,Kelsy,Guidone,kguidonelr@angelfire.com
785,Georgiana,Durbridge,gdurbridgels@ning.com
786,Leesa,Wimpress,lwimpresslt@dot.gov
787,Jody,Schleswig-Holstein,jschleswigholsteinlu@un.org
788,Virgina,Cay,vcaylv@springer.com
789,Donnell,Launder,dlaunderlw@psu.edu
790,Merwin,Simacek,msimaceklx@ehow.com
791,Tamarra,Christopher,tchristopherly@mozilla.com
792,Kikelia,Oag,koaglz@desdev.cn
793,Huntley,Atack,hatackm0@chronoengine.com
794,Osbourn,Lathbury,olathburym1@wikipedia.org
795,Christi,Heitz,cheitzm2@msn.com
796,Randie,McGillreich,rmcgillreichm3@state.gov
797,Ottilie,Clelle,oclellem4@google.pl
798,Kelly,Eden,kedenm5@tripadvisor.com
799,Sela,Staresmeare,sstaresmearem6@hostgator.com
800,Hyman,Scriven,hscrivenm7@so-net.ne.jp
801,Eunice,Cunney,ecunneym8@irs.gov
802,Justinn,Castanares,jcastanaresm9@soundcloud.com
803,Shoshanna,Edeler,sedelerma@pbs.org
804,Dayna,Ibbott,dibbottmb@wiley.com
805,Bobbette,Gilchrest,bgilchrestmc@hatena.ne.jp
806,Mellisa,Jobb,mjobbmd@hao123.com
807,Thebault,Ferrillo,tferrillome@twitter.com
808,Melisa,Ferns,mfernsmf@clickbank.net
809,Irena,Hallitt,ihallittmg@google.pl
810,Evvie,Dickens,edickensmh@hp.com
811,Valentia,Hammersley,vhammersleymi@archive.org
812,Brocky,Bellworthy,bbellworthymj@latimes.com
813,Tremaine,Pibsworth,tpibsworthmk@ebay.com
814,Corbin,Angell,cangellml@yahoo.com
815,Marnia,Lindley,mlindleymm@networksolutions.com
816,Dunstan,Fulcher,dfulchermn@fastcompany.com
817,Mikel,Poznan,mpoznanmo@lulu.com
818,Gearard,Atlay,gatlaymp@wikispaces.com
819,Gaspar,Fazakerley,gfazakerleymq@zdnet.com
820,Jeffie,Plenty,jplentymr@imageshack.us
821,Dex,Tack,dtackms@icio.us
822,Cherice,Gilbank,cgilbankmt@go.com
823,Zane,Bartosch,zbartoschmu@privacy.gov.au
824,Zara,Costall,zcostallmv@time.com
825,Ayn,Dinneen,adinneenmw@live.com
826,Willis,Diggles,wdigglesmx@huffingtonpost.com
827,Hilary,Connochie,hconnochiemy@mashable.com
828,Brooke,Haydn,bhaydnmz@patch.com
829,Del,Culcheth,dculchethn0@telegraph.co.uk
830,Roberta,oldey,roldeyn1@nationalgeographic.com
831,Niko,Isgar,nisgarn2@123-reg.co.uk
832,Daffie,Vlasin,dvlasinn3@wordpress.com
833,Hurleigh,Scopyn,hscopynn4@dell.com
834,Audra,Skehan,askehann5@edublogs.org
835,Ethelda,Vango,evangon6@sciencedirect.com
836,Tracee,Heintsch,theintschn7@gizmodo.com
837,Pincas,Jamot,pjamotn8@newyorker.com
838,Daveen,Chevolleau,dchevolleaun9@bloomberg.com
839,Bernete,Kemish,bkemishna@weather.com
840,Bibi,MacEvilly,bmacevillynb@pcworld.com
841,Sanderson,Cutmere,scutmerenc@skyrock.com
842,Kristel,Redsall,kredsallnd@deliciousdays.com
843,Christabella,Sorsbie,csorsbiene@webnode.com
844,Hewitt,Soaper,hsoapernf@mac.com
845,Marcela,Colls,mcollsng@hhs.gov
846,Derby,Shelp,dshelpnh@wikipedia.org
847,Clementina,Dunabie,cdunabieni@indiegogo.com
848,Bert,Beretta,bberettanj@pagesperso-orange.fr
849,Nadya,Lindermann,nlindermannnk@hubpages.com
850,Cyb,Rouzet,crouzetnl@nyu.edu
851,Chadd,Bruckstein,cbrucksteinnm@columbia.edu
852,Mervin,Jeavons,mjeavonsnn@apache.org
853,Gaultiero,Bourhill,gbourhillno@fda.gov
854,Spike,Pashby,spashbynp@blog.com
855,Sophey,Spowart,sspowartnq@twitpic.com
856,Caro,Hanalan,chanalannr@mysql.com
857,Eadie,Possell,epossellns@123-reg.co.uk
858,Dennison,Pulver,dpulvernt@sogou.com
859,Aurore,Teodori,ateodorinu@angelfire.com
860,Corrinne,Surr,csurrnv@prnewswire.com
861,Rhett,Dudek,rdudeknw@google.com
862,Sallyanne,Hoxey,shoxeynx@t.co
863,Brendon,Foli,bfoliny@va.gov
864,Ilysa,Brangan,ibrangannz@odnoklassniki.ru
865,Walker,Leatt,wleatto0@cloudflare.com
866,Joni,Dominico,jdominicoo1@yahoo.com
867,Robena,Pipkin,rpipkino2@issuu.com
868,Artemus,Gregoire,agregoireo3@google.com.br
869,Shirleen,Tomasoni,stomasonio4@berkeley.edu
870,Palmer,Sowter,psowtero5@nature.com
871,Fanchette,Domingues,fdomingueso6@moonfruit.com
872,Sargent,Monahan,smonahano7@1688.com
873,Jaquith,Frewer,jfrewero8@nifty.com
874,Marline,Odell,modello9@technorati.com
875,Hamlin,Brazer,hbrazeroa@theguardian.com
876,Kirstin,Duggan,kdugganob@51.la
877,Keir,Ales0,kalesoc@spiegel.de
878,Imogen,Ferrers,iferrersod@edublogs.org
879,Mart,Chopin,mchopinoe@barnesandnoble.com
880,Pascal,Dumberrill,pdumberrillof@skype.com
881,Elka,Simononsky,esimononskyog@apple.com
882,Carie,Cathesyed,ccathesyedoh@europa.eu
883,Marilee,Bermingham,mberminghamoi@google.com.br
884,Jefferey,Titmuss,jtitmussoj@businesswire.com
885,Brinn,McCrory,bmccroryok@nih.gov
886,Shayne,Krollman,skrollmanol@wiley.com
887,Jorge,Anscott,janscottom@statcounter.com
888,Lishe,Kennaird,lkennairdon@springer.com
889,Gilda,Parish,gparishoo@posterous.com
890,Seka,Bulmer,sbulmerop@amazon.co.jp
891,Editha,Jakoubek,ejakoubekoq@godaddy.com
892,Mallory,Sadgrove,msadgroveor@scribd.com
893,Kilian,Tuvey,ktuveyos@delicious.com
894,Courtenay,Mebs,cmebsot@harvard.edu
895,Hyman,MacGaffey,hmacgaffeyou@usnews.com
896,Claire,Dimanche,cdimancheov@sbwire.com
897,Lynette,Mulvey,lmulveyow@constantcontact.com
898,Robin,Itzchaki,ritzchakiox@accuweather.com
899,Morly,Wigelsworth,mwigelsworthoy@wiley.com
900,Kinna,Klaes,kklaesoz@ning.com
901,Barnebas,Frend,bfrendp0@hostgator.com
902,Kalina,Hymor,khymorp1@qq.com
903,Aurthur,McLoney,amcloneyp2@uol.com.br
904,Beau,Ochterlonie,bochterloniep3@google.ru
905,Ambrosius,Leason,aleasonp4@blogs.com
906,Ferdinande,Baseley,fbaseleyp5@senate.gov
907,Jonas,Astell,jastellp6@github.io
908,Maximilian,Farquharson,mfarquharsonp7@cbsnews.com
909,Allina,Leeming,aleemingp8@newsvine.com
910,Merwin,Huxster,mhuxsterp9@mlb.com
911,Velma,Dalwood,vdalwoodpa@boston.com
912,Glynnis,Clemencon,gclemenconpb@google.ru
913,Jemmie,Paynes,jpaynespc@mysql.com
914,Benjamin,Leipelt,bleipeltpd@uol.com.br
915,Lanita,Gerry,lgerrype@ask.com
916,Wilburt,O'Cooney,wocooneypf@360.cn
917,Randy,Howson,rhowsonpg@bloglovin.com
918,Selena,Loveday,slovedayph@deviantart.com
919,Tally,Haps,thapspi@hexun.com
920,Lesli,Moorey,lmooreypj@chronoengine.com
921,Barris,Carty,bcartypk@toplist.cz
922,Cliff,MacAlees,cmacaleespl@ameblo.jp
923,Codee,Pooly,cpoolypm@networkadvertising.org
924,Rosemary,Earles,rearlespn@google.ca
925,Danya,Bruhnsen,dbruhnsenpo@bbb.org
926,Lita,Island,lislandpp@typepad.com
927,Wolfie,Fosdick,wfosdickpq@multiply.com
928,Ellie,Derrington,ederringtonpr@blogspot.com
929,Tarah,Freed,tfreedps@nasa.gov
930,Lorens,Haylett,lhaylettpt@ehow.com
931,Ferdy,Blague,fblaguepu@amazon.de
932,Esteban,Huckin,ehuckinpv@addthis.com
933,Elyse,Baudinot,ebaudinotpw@cpanel.net
934,Hilary,Chantrell,hchantrellpx@imdb.com
935,Esther,Traynor,etraynorpy@wisc.edu
936,Neal,Rozenbaum,nrozenbaumpz@hud.gov
937,Josias,Borg,jborgq0@biglobe.ne.jp
938,Stefanie,Clarabut,sclarabutq1@vinaora.com
939,Haroun,Spriggin,hsprigginq2@webeden.co.uk
940,Berkley,Rennox,brennoxq3@opera.com
941,Suzanna,Shirtcliffe,sshirtcliffeq4@indiatimes.com
942,Joachim,Owbridge,jowbridgeq5@slashdot.org
943,Bary,Minero,bmineroq6@economist.com
944,Breena,Mickleborough,bmickleboroughq7@jugem.jp
945,Jarad,Shalders,jshaldersq8@smh.com.au
946,Giff,Baxter,gbaxterq9@nyu.edu
947,Fidelia,Cockroft,fcockroftqa@paginegialle.it
948,Gordie,Mudge,gmudgeqb@cyberchimps.com
949,Chrotoem,Dorbin,cdorbinqc@mit.edu
950,Felicdad,Grut,fgrutqd@unesco.org
951,Corrine,Siebert,csiebertqe@elpais.com
952,Julienne,Brettoner,jbrettonerqf@google.pl
953,Darcy,Glendinning,dglendinningqg@ucsd.edu
954,Fitz,Wadelin,fwadelinqh@dropbox.com
955,Sheppard,Hounsome,shounsomeqi@wufoo.com
956,Layney,Saunper,lsaunperqj@google.it
957,Cher,Weeden,cweedenqk@jimdo.com
958,Janela,Kesper,jkesperql@wix.com
959,Hall,Laneham,hlanehamqm@i2i.jp
960,Kendell,McKeever,kmckeeverqn@huffingtonpost.com
961,Hieronymus,Manchester,hmanchesterqo@canalblog.com
962,Taffy,Hamnett,thamnettqp@themeforest.net
963,Izabel,Soreau,isoreauqq@nhs.uk
964,Grove,Maling,gmalingqr@tripadvisor.com
965,Ethelyn,Burriss,eburrissqs@imgur.com
966,Steffie,Mantz,smantzqt@netlog.com
967,Raquela,Barette,rbarettequ@deliciousdays.com
968,Lorrin,Rossin,lrossinqv@about.com
969,Joanie,Pomeroy,jpomeroyqw@kickstarter.com
970,Lauree,Bezley,lbezleyqx@sourceforge.net
971,Carce,Murrock,cmurrockqy@ehow.com
972,Quentin,Matteris,qmatterisqz@liveinternet.ru
973,Dorie,Joist,djoistr0@dmoz.org
974,Annadiane,Norgate,anorgater1@ebay.co.uk
975,Freida,Raiment,fraimentr2@delicious.com
976,Corina,Courtman,ccourtmanr3@sciencedirect.com
977,Asia,Patterfield,apatterfieldr4@who.int
978,Cammi,Mushawe,cmushawer5@narod.ru
979,Joli,Tomashov,jtomashovr6@mac.com
980,Bethina,Cruse,bcruser7@sohu.com
981,Caron,Persitt,cpersittr8@twitter.com
982,Artus,Treadgear,atreadgearr9@unesco.org
983,Helenelizabeth,Tezure,htezurera@photobucket.com
984,Lia,MacLeese,lmacleeserb@bizjournals.com
985,Daisey,Cockerell,dcockerellrc@mediafire.com
986,Pet,Ratledge,pratledgerd@histats.com
987,Caro,Georger,cgeorgerre@ftc.gov
988,Josy,Marcham,jmarchamrf@baidu.com
989,Hadleigh,Chastey,hchasteyrg@dagondesign.com
990,Marquita,Haversum,mhaversumrh@arstechnica.com
991,Rubie,Maguire,rmaguireri@gmpg.org
992,Emery,Lumm,elummrj@reddit.com
993,Hannah,Showt,hshowtrk@tumblr.com
994,Vern,Terne,vternerl@cyberchimps.com
995,Sue,Castagneri,scastagnerirm@blogs.com
996,Christan,Dunkerley,cdunkerleyrn@icq.com
997,Leland,Bishop,lbishopro@mozilla.org
998,Claudius,Sprigings,csprigingsrp@arstechnica.com
999,Tatiana,Gentreau,tgentreaurq@ftc.gov
1000,Aubrie,Kasparski,akasparskirr@noaa.gov
